SETTING,VALUE,CHOICES,EXLAINATION
ALL_RUN,custom:random,random/ceval/mmlu/custom:random;mmlu,若非custom，则所有模型都执行对应的value任务;若为custom，则只执行model.csv中RUN列为1的模型，bench的类型根据custom:random;ceval来，也可以不加则不替换，用默认config的
DATE,2026-03-02,,
CONTAINER_IMAGE,mxcr.io/ai-master/maca/sglang:0.5.9-maca.ai20260302-312-torch2.8-py310-ubuntu22.04-amd64,,
LOCAL_IP,10.2.179.32,,
RUN_USER,m01305,,
INCREMENTAL_MODE,True,True/False,
PARALLEL,True,True/False,可以同时执行多个任务
PULL_IMAGES,True,True/False,
RM_EXIST_DOCKER,True,True/False,每次都重新新建容器（原有容器的修改会丢失）
CONFIG_REUSE,True,True/False,跳过config的生成、复制，直接复用已经有的config（方便手动更改config）
USING_LUWU,False,True/False,是否通过陆吾平台预约使用
